work_id,canonical_book_id,desc_len,pub_year,num_pages,n_similar,n_shelves,g_children,g_comics,g_fantasy,g_fiction,g_history,g_mystery,g_nonfiction,g_poetry,g_romance,g_youngadult,avg_rating,is_ebook,has_isbn,title,title_without_series,author_ids,author_names,series_ids,series_names,isbn,isbn13,image_url,link,language_code,country_code,ratings_count,text_reviews_count
0,4552,0,0,0,0,0,0,0,0,0,0,0,0,0,0,0,0.0,False,True,Somebody Someday. Aktualisierte Ausgabe,Somebody Someday. Aktualisierte Ausgabe,[],[],[],[],3442416620,9783442416622,https://images.gr-assets.com/books/1430172542m/4552.jpg,,ger,US,0,0
40,3730,1758,2007,240,13,100,0,0,0,0,7,0,68,0,0,0,3.91,False,True,The Hidden Persuaders,The Hidden Persuaders,"[2553, 20287]","['Vance Packard', 'Mark Crispin Miller']",[],[],097884310X,9780978843106,https://images.gr-assets.com/books/1395145591m/3730.jpg,https://www.goodreads.com/book/show/3730.The_Hidden_Persuaders,,US,628,51
62,3402,1787,2006,179,15,100,0,0,0,72,0,0,2,0,2,52,3.33,False,True,Kiffe Kiffe Tomorrow,Kiffe Kiffe Tomorrow,"[883277, 7555163]","['Faiza Guene', 'Sarah    Adams']",[],[],0156030489,9780156030489,https://images.gr-assets.com/books/1328874857m/3402.jpg,https://www.goodreads.com/book/show/3402.Kiffe_Kiffe_Tomorrow,eng,US,1393,172
81,7918,512,2008,0,15,100,24,0,0,17,5,0,0,0,0,5,3.78,False,True,Five Little Peppers Abroad,Five Little Peppers Abroad,[5315],['Margaret Sidney'],[238328],['Five Little Peppers'],1426450796,9781426450792,https://s.gr-assets.com/assets/nophoto/book/111x148-bcc042a9c91a29c1d680899eff700a03.png,https://www.goodreads.com/book/show/7918.Five_Little_Peppers_Abroad,,US,216,12
84,7932,323,1993,160,16,100,141,0,3,45,4,2,0,0,0,19,4.04,False,True,Baby Island,Baby Island,"[5325, 867185]","['Carol Ryrie Brink', 'Helen Sewell']",[],[],0689717512,9780689717512,https://s.gr-assets.com/assets/nophoto/book/111x148-bcc042a9c91a29c1d680899eff700a03.png,https://www.goodreads.com/book/show/7932.Baby_Island,,US,1499,231
87,8155,1178,2005,928,14,100,0,0,0,372,137,0,0,0,136,0,4.16,False,True,A Woman of Substance (Emma Harte Saga #1),A Woman of Substance (Emma Harte Saga #1),[5353],['Barbara Taylor Bradford'],[197834],['Emma Harte Saga'],031235326X,9780312353261,https://images.gr-assets.com/books/1330029941m/8155.jpg,https://www.goodreads.com/book/show/8155.A_Woman_of_Substance,eng,US,33179,605
98,381704,1258,0,0,18,100,0,0,0,252,0,0,0,0,34,5,3.26,False,True,Bergdorf Blondes,Bergdorf Blondes,[4649],['Plum Sykes'],[],[],1401359604,9781401359607,https://s.gr-assets.com/assets/nophoto/book/111x148-bcc042a9c91a29c1d680899eff700a03.png,https://www.goodreads.com/book/show/381704.Bergdorf_Blondes,eng,US,25808,1282
104,3300,1527,2006,321,13,100,0,0,0,724,512,0,5,0,29,0,3.9,False,True,Inés of My Soul,Inés of My Soul,"[2238, 30209]","['Isabel Allende', 'Margaret Sayers Peden']",[],[],0061161535,9780061161537,https://s.gr-assets.com/assets/nophoto/book/111x148-bcc042a9c91a29c1d680899eff700a03.png,https://www.goodreads.com/book/show/3300.In_s_of_My_Soul,eng,US,17326,1453
114,10222,701,0,958,15,100,0,0,13,1090,873,0,0,0,213,0,4.2,False,True,The Far Pavilions,The Far Pavilions,[1040250],['M.M. Kaye'],[],[],031215125X,9780312151256,https://s.gr-assets.com/assets/nophoto/book/111x148-bcc042a9c91a29c1d680899eff700a03.png,https://www.goodreads.com/book/show/10222.The_Far_Pavilions,eng,US,34849,1064
115,10365,366,2000,272,16,100,3341,0,0,3048,487,0,0,0,0,1774,4.04,False,True,Where the Red Fern Grows,Where the Red Fern Grows,[6810],['Wilson Rawls'],[],[],0375806814,9780375806810,https://images.gr-assets.com/books/1166154337m/10365.jpg,https://www.goodreads.com/book/show/10365.Where_the_Red_Fern_Grows,,US,283665,8887
118,3326,0,1995,0,12,86,19,0,1,3,0,0,0,0,1,2,4.15,False,True,"Drina Ballerina (Drina, #11)","Drina Ballerina (Drina, #11)","[227840, 4114801]","['Jean Estoril', 'Mabel Esther Allan']",[144392],['Drina'],0750012706,9780750012706,https://images.gr-assets.com/books/1318607852m/3326.jpg,https://www.goodreads.com/book/show/3326.Drina_Ballerina,eng,US,133,13
120,3155,565,1991,188,0,78,19,0,0,3,0,0,0,0,0,3,4.2,False,True,"Drina Goes on Tour (Drina, #10)","Drina Goes on Tour (Drina, #10)","[227840, 4114801]","['Jean Estoril', 'Mabel Esther Allan']",[144393],['Drina'],0750002468,9780750002462,https://images.gr-assets.com/books/1326126514m/3155.jpg,https://www.goodreads.com/book/show/3155.Drina_Goes_on_Tour,eng,US,121,8
121,3150,463,1989,186,12,100,34,0,0,5,0,0,0,0,0,3,4.07,False,True,"Drina Dances Again (Drina, #5)","Drina Dances Again (Drina, #5)","[227840, 4114801]","['Jean Estoril', 'Mabel Esther Allan']",[144394],['Drina'],0590425579,9780590425575,https://images.gr-assets.com/books/1326126071m/3150.jpg,https://www.goodreads.com/book/show/3150.Drina_Dances_Again,eng,US,224,9
122,3644,148,0,0,13,87,21,0,0,2,0,0,0,0,0,2,3.99,False,True,"Drina Dances in Switzerland (Drina, #9)","Drina Dances in Switzerland (Drina, #9)","[227840, 4114801, 3064669]","['Jean Estoril', 'Mabel Esther Allan', 'Jenny Sanders']",[144395],['Drina'],0750012684,9780750012683,https://images.gr-assets.com/books/1326126353m/3644.jpg,https://www.goodreads.com/book/show/3644.Drina_Dances_in_Switzerland,eng,US,167,8
137,2046,849,1995,1199,17,100,0,0,0,39,1,57,0,0,0,0,4.49,False,True,Chandler: Stories and Early Novels,Chandler: Stories and Early Novels,"[1377, 71475]","['Raymond Chandler', 'Frank MacShane']",[1035490],['Chandler'],1883011078,9781883011079,https://s.gr-assets.com/assets/nophoto/book/111x148-bcc042a9c91a29c1d680899eff700a03.png,https://www.goodreads.com/book/show/2046.Chandler,eng,US,1176,56
141,11525,1368,2003,992,18,100,0,0,0,0,12,0,455,0,0,0,3.84,False,True,"1,000 Places to See Before You Die","1,000 Places to See Before You Die",[350],['Patricia Schultz'],[],[],0761104844,9780761104841,https://s.gr-assets.com/assets/nophoto/book/111x148-bcc042a9c91a29c1d680899eff700a03.png,https://www.goodreads.com/book/show/11525.1_000_Places_to_See_Before_You_Die,,US,34139,471
147,7716,711,2003,336,17,100,0,0,0,7,0,0,0,1,0,0,3.92,False,True,Plays Pleasant,Plays Pleasant,"[5217, 415220, 855709]","['George Bernard Shaw', 'Dan H. Laurence', 'W.J. McCormack']",[],[],0140437940,9780140437942,https://images.gr-assets.com/books/1405168612m/7716.jpg,https://www.goodreads.com/book/show/7716.Plays_Pleasant,eng,US,242,11
166,12158,152,1984,296,16,100,0,0,0,0,10,0,22,14,0,0,3.93,False,True,Laocoon: An Essay on the Limits of Painting and Poetry,Laocoon: An Essay on the Limits of Painting and Poetry,"[7723, 3855172]","['Gotthold Ephraim Lessing', 'Edward Allen McCormick']",[],[],0801831393,9780801831393,https://s.gr-assets.com/assets/nophoto/book/111x148-bcc042a9c91a29c1d680899eff700a03.png,https://www.goodreads.com/book/show/12158.Laocoon,,US,322,10
172,16863,1218,2003,272,17,100,0,0,0,0,75,0,64,0,0,0,3.68,False,True,Near a Thousand Tables: A History of Food,Near a Thousand Tables: A History of Food,[3314630],['Felipe Fernandez-Armesto'],[],[],0743227409,9780743227407,https://s.gr-assets.com/assets/nophoto/book/111x148-bcc042a9c91a29c1d680899eff700a03.png,https://www.goodreads.com/book/show/16863.Near_a_Thousand_Tables,,US,433,34
251,27410,1106,1999,336,17,100,0,0,8,6,49,0,34,0,0,0,3.988358,False,True,The Library of Greek Mythology,The Library of Greek Mythology,"[15378, 321242]","['Apollodorus', 'Robin Hard']",[],[],0192839241,9780192839244,https://s.gr-assets.com/assets/nophoto/book/111x148-bcc042a9c91a29c1d680899eff700a03.png,https://www.goodreads.com/book/show/27410.The_Library_of_Greek_Mythology,eng,US,1011,37
252,27432,1079,1997,777,18,100,0,0,0,2,8,0,166,0,0,0,4.19,False,True,The Art of the Personal Essay: An Anthology from the Classical Era to the Present,The Art of the Personal Essay: An Anthology from the Classical Era to the Present,[15387],['Phillip Lopate'],[],[],038542339X,9780385423397,https://s.gr-assets.com/assets/nophoto/book/111x148-bcc042a9c91a29c1d680899eff700a03.png,https://www.goodreads.com/book/show/27432.The_Art_of_the_Personal_Essay,eng,US,1966,104
314,41619,0,0,0,16,100,0,0,0,0,13,0,51,0,0,0,3.78,False,True,Business @ the Speed of Thought: Succeeding in the Digital Economy,Business @ the Speed of Thought: Succeeding in the Digital Economy,"[23470, 23469]","['Bill Gates', 'Collins Hemingway']",[],[],0446675962,9780446675963,https://s.gr-assets.com/assets/nophoto/book/111x148-bcc042a9c91a29c1d680899eff700a03.png,https://www.goodreads.com/book/show/41619.Business_the_Speed_of_Thought,,US,2935,89
335,43691,726,2005,339,18,100,0,12,0,678,313,0,0,0,0,0,3.83,False,True,The Master,The Master,[1351903],['Colm Toibin'],[],[],0743250419,9780743250412,https://images.gr-assets.com/books/1400931609m/43691.jpg,https://www.goodreads.com/book/show/43691.The_Master,eng,US,7326,817
345,515,1843,2004,828,16,100,0,0,0,0,0,0,8,0,0,0,4.06,False,True,Programming Ruby: The Pragmatic Programmers' Guide,Programming Ruby: The Pragmatic Programmers' Guide,"[13, 302, 2815]","['Dave Thomas', 'Chad Fowler', 'Andy Hunt']",[],[],0974514055,9780974514055,https://s.gr-assets.com/assets/nophoto/book/111x148-bcc042a9c91a29c1d680899eff700a03.png,https://www.goodreads.com/book/show/515.Programming_Ruby,eng,US,1684,71
362,61794,392,0,0,17,100,0,0,0,113,24,0,0,0,0,0,3.49,False,True,La vida del Lazarillo de Tormes,La vida del Lazarillo de Tormes,[5158478],['Anonymous'],[],[],8489163413,9788489163416,https://s.gr-assets.com/assets/nophoto/book/111x148-bcc042a9c91a29c1d680899eff700a03.png,https://www.goodreads.com/book/show/61794.La_vida_del_Lazarillo_de_Tormes,spa,US,11088,404
375,64179,576,2012,371,18,100,0,0,0,21,0,0,2,0,12,0,3.12,False,True,"The Bride Stripped Bare (Bride Trilogy, #1)","The Bride Stripped Bare (Bride Trilogy, #1)",[36165],['Nikki Gemmell'],[517518],['Bride Trilogy'],0060591889,9780060591885,https://images.gr-assets.com/books/1355080716m/64179.jpg,https://www.goodreads.com/book/show/64179.The_Bride_Stripped_Bare,,US,4622,535
376,1161952,290,2002,0,18,61,0,0,0,10,0,0,0,0,1,0,3.44,False,True,Lovesong,Lovesong,[36165],['Nikki Gemmell'],[],[],0330372939,9780330372930,https://s.gr-assets.com/assets/nophoto/book/111x148-bcc042a9c91a29c1d680899eff700a03.png,https://www.goodreads.com/book/show/1161952.Lovesong,,US,139,15
387,900,1125,2005,464,17,100,0,0,0,32,95,0,534,0,19,0,3.73,False,True,The Game: Penetrating the Secret Society of Pickup Artists,The Game: Penetrating the Secret Society of Pickup Artists,[588],['Neil Strauss'],[],[],0060554738,9780060554736,https://images.gr-assets.com/books/1410129471m/900.jpg,https://www.goodreads.com/book/show/900.The_Game,eng,US,19120,1535
388,71009,291,2004,444,17,100,2,0,0,27,0,1,0,0,0,58,3.73,False,True,"Queen Kat, Carmel and St. Jude Get a Life","Queen Kat, Carmel and St. Jude Get a Life",[40136],['Maureen McCarthy'],[],[],014028124X,9780140281248,https://images.gr-assets.com/books/1309376984m/71009.jpg,https://www.goodreads.com/book/show/71009.Queen_Kat_Carmel_and_St_Jude_Get_a_Life,eng,US,902,29
412,73042,1454,2006,336,0,44,0,0,0,0,1,0,11,0,0,0,3.43,False,True,The Odd Brain: Mysteries of Our Weird and Wonderful Brains Explained,The Odd Brain: Mysteries of Our Weird and Wonderful Brains Explained,[40139],['Stephen Juan'],[],[],0740761595,9780740761591,https://s.gr-assets.com/assets/nophoto/book/111x148-bcc042a9c91a29c1d680899eff700a03.png,https://www.goodreads.com/book/show/73042.The_Odd_Brain,,US,103,11
414,94034,858,2005,768,13,100,0,0,3,411,319,44,0,0,0,0,4.13,False,True,Q,Q,"[36686, 319857, 191397]","['Luther Blissett', 'Shaun Whiteside', 'Wu  Ming']",[],[],0156031965,9780156031967,https://images.gr-assets.com/books/1328874969m/94034.jpg,https://www.goodreads.com/book/show/94034.Q,eng,US,4701,341
416,59504,488,2006,0,16,100,0,0,0,45,19,0,0,0,0,0,4.13,False,True,El siglo de las luces,El siglo de las luces,[12551],['Alejo Carpentier'],[],[],8432216976,9788432216978,https://images.gr-assets.com/books/1354467957m/59504.jpg,https://www.goodreads.com/book/show/59504.El_siglo_de_las_luces,,US,1532,64
423,21611,833,2003,278,18,100,0,0,512,4729,0,0,0,0,0,0,4.15,False,True,"The Forever War (The Forever War, #1)","The Forever War (The Forever War, #1)",[12476],['Joe Haldeman'],[215018],['The Forever War'],0060510862,9780060510862,https://images.gr-assets.com/books/1386852511m/21611.jpg,https://www.goodreads.com/book/show/21611.The_Forever_War,eng,US,103968,4426
434,21704,715,2006,348,11,100,0,0,0,992,337,2241,75,0,0,0,3.75,False,True,"The Black Dahlia (L.A. Quartet, #1)","The Black Dahlia (L.A. Quartet, #1)",[2887],['James Ellroy'],[230961],['L.A. Quartet'],0446698873,9780446698870,https://images.gr-assets.com/books/1387048173m/21704.jpg,https://www.goodreads.com/book/show/21704.The_Black_Dahlia,eng,US,66422,1978
454,77837,678,2003,352,17,100,0,0,0,99,4,2,0,0,0,0,3.85,False,True,A Good Man in Africa,A Good Man in Africa,[8170],['William  Boyd'],[],[],1400030021,9781400030026,https://s.gr-assets.com/assets/nophoto/book/111x148-bcc042a9c91a29c1d680899eff700a03.png,https://www.goodreads.com/book/show/77837.A_Good_Man_in_Africa,,US,2866,159
463,136760,96,2001,111,18,100,0,0,0,11,2,0,0,0,0,0,3.66,False,True,دکتر نون زنش را بیشتر از مصدق دوست دارد,دکتر نون زنش را بیشتر از مصدق دوست دارد,[91112],['shhrm rHymyn'],[],[],,9789644481208,https://images.gr-assets.com/books/1269249715m/136760.jpg,https://www.goodreads.com/book/show/136760._,per,US,1049,140
464,87117,199,1992,160,0,63,0,0,0,1,0,0,0,0,0,0,3.08,False,True,Cómo ser una mujer y no morir en el intento,Cómo ser una mujer y no morir en el intento,[49984],['Carmen Rico-Godoy'],[],[],8422643294,,https://images.gr-assets.com/books/1419336196m/87117.jpg,https://www.goodreads.com/book/show/87117.C_mo_ser_una_mujer_y_no_morir_en_el_intento,,US,78,8
466,519112,580,1997,115,13,100,111,137,256,302,0,0,13,869,0,42,4.13,False,True,The Melancholy Death of Oyster Boy and Other Stories,The Melancholy Death of Oyster Boy and Other Stories,[5773],['Tim Burton'],[],[],0688156819,9780688156817,https://images.gr-assets.com/books/1338646527m/519112.jpg,https://www.goodreads.com/book/show/519112.The_Melancholy_Death_of_Oyster_Boy_and_Other_Stories,eng,US,25780,1600
467,67762,1090,2002,64,15,100,0,0,0,150,47,0,0,10,0,0,3.7,False,True,Salomé,Salomé,"[3565, 1151924, 39563, 1090633]","['Oscar Wilde', 'Robert Baldwin Ross', 'Aubrey Beardsley', 'Alfred Bruce Douglas']",[],[],0486421279,9780486421278,https://s.gr-assets.com/assets/nophoto/book/111x148-bcc042a9c91a29c1d680899eff700a03.png,https://www.goodreads.com/book/show/67762.Salom_,eng,US,8362,360
477,73419,585,2005,153,17,100,0,0,0,26,48,0,0,18,0,0,3.45,False,True,Poema de mio Cid,Poema de mio Cid,[5158478],['Anonymous'],[],[],8489163936,9788489163935,https://s.gr-assets.com/assets/nophoto/book/111x148-bcc042a9c91a29c1d680899eff700a03.png,https://www.goodreads.com/book/show/73419.Poema_de_mio_Cid,spa,US,5686,209
500,91601,446,1992,290,17,100,0,0,0,197,43,0,3,0,0,4,3.17,False,True,Leaving Cold Sassy: The Unfinished Sequel to Cold Sassy Tree,Leaving Cold Sassy: The Unfinished Sequel to Cold Sassy Tree,"[52627, 14012]","['Olive Ann Burns', 'Katrina Kenison']",[],[],0899199089,9780899199085,https://images.gr-assets.com/books/1495458787m/91601.jpg,https://www.goodreads.com/book/show/91601.Leaving_Cold_Sassy,,US,2953,352
505,64207,545,2004,326,10,100,51,0,2079,715,759,133,0,0,286,504,4.01,False,True,"Sorcery & Cecelia: or The Enchanted Chocolate Pot (Cecelia and Kate, #1)","Sorcery & Cecelia: or The Enchanted Chocolate Pot (Cecelia and Kate, #1)","[36122, 36175]","['Patricia C. Wrede', 'Caroline Stevermer']",[144396],['Cecelia and Kate'],015205300X,9780152053000,https://s.gr-assets.com/assets/nophoto/book/111x148-bcc042a9c91a29c1d680899eff700a03.png,https://www.goodreads.com/book/show/64207.Sorcery_Cecelia,eng,US,15799,1752
527,126977,460,2003,202,16,100,0,0,0,5,0,0,0,41,0,0,3.88,False,True,Azul...,Azul...,"[25575, 781246, 6571956]","['Ruben Dario', 'Juan Antonio Bueno Alvarez', 'rvbn dryv']",[],[],8441413347,9788441413344,https://s.gr-assets.com/assets/nophoto/book/111x148-bcc042a9c91a29c1d680899eff700a03.png,https://www.goodreads.com/book/show/126977.Azul_,,US,1165,55
551,53764,236,2005,910,17,100,0,0,157,499,0,0,0,0,0,0,4.36,False,True,The Great Dune Trilogy,The Great Dune Trilogy,[58],['Frank Herbert'],[219147],['Dune'],0575070706,9780575070707,https://images.gr-assets.com/books/1419962914m/53764.jpg,https://www.goodreads.com/book/show/53764.The_Great_Dune_Trilogy,eng,US,52086,186
555,20082,1194,1997,384,9,100,0,0,606,629,0,0,0,0,6,13,3.84,False,True,"The Renegades of Pern (Pern, #10)","The Renegades of Pern (Pern, #10)",[26],['Anne McCaffrey'],"[180992, 186010]","['Pern (Chronological Order)', 'Pern (Publication Order)']",0345419391,9780345419392,https://images.gr-assets.com/books/1283622741m/20082.jpg,https://www.goodreads.com/book/show/20082.The_Renegades_of_Pern,,US,16057,205
574,6748,462,1998,353,18,100,0,0,0,0,44,0,1427,0,0,0,4.28,False,True,A Supposedly Fun Thing I'll Never Do Again:  Essays and Arguments,A Supposedly Fun Thing I'll Never Do Again:  Essays and Arguments,[4339],['David Foster Wallace'],[],[],0316925284,9780316925280,https://s.gr-assets.com/assets/nophoto/book/111x148-bcc042a9c91a29c1d680899eff700a03.png,https://www.goodreads.com/book/show/6748.A_Supposedly_Fun_Thing_I_ll_Never_Do_Again,eng,US,27165,2153
577,666215,807,2003,306,17,100,0,0,0,37,22,0,479,0,0,0,3.6,False,True,How to Be Alone,How to Be Alone,[2578],['Jonathan Franzen'],[],[],0312422164,9780312422165,https://images.gr-assets.com/books/1316635835m/666215.jpg,https://www.goodreads.com/book/show/666215.How_to_Be_Alone,eng,US,8974,769
583,51554,236,1999,4,18,100,0,1,0,0,10,0,35,0,0,0,3.87,False,True,Epic: Stories of Survival from the World's Highest Peaks,Epic: Stories of Survival from the World's Highest Peaks,"[7194, 16087]","['Clint Willis', 'Greg Child']",[201449],['Adrenaline Series'],1885408331,9781885408334,https://s.gr-assets.com/assets/nophoto/book/111x148-bcc042a9c91a29c1d680899eff700a03.png,https://www.goodreads.com/book/show/51554.Epic,eng,US,797,41
588,11654,579,1996,451,16,100,0,0,0,307,0,0,0,0,0,0,3.84,False,True,Sabbath's Theater,Sabbath's Theater,[463],['Philip Roth'],[],[],0679772596,9780679772590,https://images.gr-assets.com/books/1327935642m/11654.jpg,https://www.goodreads.com/book/show/11654.Sabbath_s_Theater,eng,US,6245,439
643,161711,0,0,0,17,100,0,0,0,0,12,0,41,0,0,0,3.79,False,True,Mirrors of the Unseen: Journeys in Iran,Mirrors of the Unseen: Journeys in Iran,[93754],['Jason Elliot'],[],[],031230191X,9780312301910,https://images.gr-assets.com/books/1312005992m/161711.jpg,https://www.goodreads.com/book/show/161711.Mirrors_of_the_Unseen,,US,378,50
655,181743,368,0,624,18,65,0,0,0,7,7,0,0,0,0,0,3.65,False,True,El ladrón de tumbas,El ladrón de tumbas,[55206],['Antonio Cabanas'],[],[],8466622942,9788466622943,https://images.gr-assets.com/books/1418390169m/181743.jpg,https://www.goodreads.com/book/show/181743.El_ladr_n_de_tumbas,spa,US,148,14
657,10807,1021,1997,288,18,100,0,0,0,64,7,0,0,0,0,0,3.84,False,True,Recapitulation,Recapitulation,[157779],['Wallace Stegner'],[],[],0140266739,9780140266733,https://s.gr-assets.com/assets/nophoto/book/111x148-bcc042a9c91a29c1d680899eff700a03.png,https://www.goodreads.com/book/show/10807.Recapitulation,,US,857,96
659,267215,669,1996,448,17,100,0,0,0,54,0,0,1,0,0,0,3.35,False,True,A Shooting Star,A Shooting Star,[157779],['Wallace Stegner'],[],[],014025241X,9780140252415,https://s.gr-assets.com/assets/nophoto/book/111x148-bcc042a9c91a29c1d680899eff700a03.png,https://www.goodreads.com/book/show/267215.A_Shooting_Star,,US,426,73
696,77773,732,1998,493,9,100,0,0,781,2529,673,155,0,0,90,0,4.13,False,True,"To Say Nothing of the Dog (Oxford Time Travel, #2)","To Say Nothing of the Dog (Oxford Time Travel, #2)",[14032],['Connie Willis'],[206619],['Oxford Time Travel'],0553575384,9780553575385,https://images.gr-assets.com/books/1469410460m/77773.jpg,https://www.goodreads.com/book/show/77773.To_Say_Nothing_of_the_Dog,eng,US,25995,3040
698,333033,203,2006,287,17,100,0,2,0,41,45,0,53,0,0,0,3.85,False,True,A Tramp Abroad,A Tramp Abroad,[1244],['Mark Twain'],[],[],1406813052,9781406813050,https://s.gr-assets.com/assets/nophoto/book/111x148-bcc042a9c91a29c1d680899eff700a03.png,https://www.goodreads.com/book/show/333033.A_Tramp_Abroad,,US,1679,163
723,104870,205,2006,736,0,35,0,0,0,1,0,0,0,3,0,0,3.97,False,True,Pericles/Cymbeline/The Two Noble Kinsmen,Pericles/Cymbeline/The Two Noble Kinsmen,"[947, 30166]","['William Shakespeare', 'Sylvan Barnet']",[],[],0451530357,9780451530356,https://s.gr-assets.com/assets/nophoto/book/111x148-bcc042a9c91a29c1d680899eff700a03.png,https://www.goodreads.com/book/show/104870.Pericles_Cymbeline_The_Two_Noble_Kinsmen,,US,31,4
726,4140,1295,2005,344,13,100,0,0,0,154,3,0,40,0,0,0,3.68,False,True,Children Playing Before a Statue of Hercules,Children Playing Before a Statue of Hercules,"[2849, 27069, 24956, 3524, 11746, 22694, 18710, 92333, 476225, 7371, 2122, 45531, 3670, 45712, 6410, 170967, 472557, 7622, 6647]","['David Sedaris', 'Richard Yates', 'Dorothy Parker', 'Joyce Carol Oates', 'Lorrie Moore', ""Flannery O'Connor"", 'Amy Hempel', 'Akhil   Sharma', 'Tim Johnston', 'Tobias Wolff', 'Sarah Vowell', 'Charles Baxter', 'Jhumpa Lahiri', 'Katherine Mansfield', 'Alice Munro', 'Jean Thompson', 'Frank Gannon', 'Patricia Highsmith', 'Jincy Willett']",[],[],0743276124,9780743276122,https://s.gr-assets.com/assets/nophoto/book/111x148-bcc042a9c91a29c1d680899eff700a03.png,https://www.goodreads.com/book/show/4140.Children_Playing_Before_a_Statue_of_Hercules,eng,US,6454,496
731,4143,900,1995,196,12,100,0,0,0,292,105,0,620,0,0,0,3.78,False,True,Barrel Fever: Stories and Essays,Barrel Fever: Stories and Essays,[2849],['David Sedaris'],[],[],0316779423,9780316779425,https://images.gr-assets.com/books/1453273003m/4143.jpg,https://www.goodreads.com/book/show/4143.Barrel_Fever,eng,US,45958,1520
742,11312,477,2004,196,10,100,1040,0,1131,709,28,62,0,0,0,331,3.85,False,True,"Over Sea, Under Stone (The Dark Is Rising, #1)","Over Sea, Under Stone (The Dark Is Rising, #1)",[7308],['Susan Cooper'],[182290],['The Dark Is Rising'],068987121X,9780689871214,https://images.gr-assets.com/books/1443993959m/11312.jpg,https://www.goodreads.com/book/show/11312.Over_Sea_Under_Stone,,US,37648,1758
764,15566,1264,0,416,5,100,0,0,914,254,0,0,0,0,0,8,4.02,False,True,"The Elf Queen of Shannara (Heritage of Shannara, #3)","The Elf Queen of Shannara (Heritage of Shannara, #3)",[9629],['Terry Brooks'],"[144399, 183568, 478867, 479257]","['Heritage of Shannara', 'Shannara (Chronological Order)', 'Shannara (Publication Order)', ""Shannara - Terry's Suggested Order for New Readers""]",1857238273,9781857238273,https://s.gr-assets.com/assets/nophoto/book/111x148-bcc042a9c91a29c1d680899eff700a03.png,https://www.goodreads.com/book/show/15566.The_Elf_Queen_of_Shannara,eng,US,25565,202
789,255650,0,2002,175,17,60,0,0,0,7,0,0,0,0,0,0,3.31,False,False,اسرار گنج دره جنی,اسرار گنج دره جنی,[156509],['brhym glstn'],[],[],,,https://s.gr-assets.com/assets/nophoto/book/111x148-bcc042a9c91a29c1d680899eff700a03.png,https://www.goodreads.com/book/show/255650._,per,US,336,32
794,2281,524,2005,320,18,100,0,0,0,143,0,0,0,0,0,0,4.21,False,True,The Complete Stories of Truman Capote,The Complete Stories of Truman Capote,"[431149, 8167]","['Truman Capote', 'Reynolds Price']",[],[],140009691X,9781400096916,https://s.gr-assets.com/assets/nophoto/book/111x148-bcc042a9c91a29c1d680899eff700a03.png,https://www.goodreads.com/book/show/2281.The_Complete_Stories_of_Truman_Capote,,US,4020,273
797,297627,611,2002,192,8,100,0,3389,483,638,256,53,0,0,0,11,3.93,False,True,"The League of Extraordinary Gentlemen, Vol. 1","The League of Extraordinary Gentlemen, Vol. 1","[3961, 61919]","['Alan Moore', ""Kevin O'Neill""]","[185613, 458201]","['The League of Extraordinary Gentlemen', 'La Ligue des Gentlemen Extraordinaires']",1563898586,9781563898587,https://images.gr-assets.com/books/1327894724m/297627.jpg,https://www.goodreads.com/book/show/297627.The_League_of_Extraordinary_Gentlemen_Vol_1,eng,US,42046,1227
803,296977,409,2000,240,17,100,0,0,33,104,29,0,6,0,0,0,3.27,False,True,Looking Backward: 2000-1887,Looking Backward: 2000-1887,"[48310, 3171]","['Edward Bellamy', 'Walter James Miller']",[],[],0451527631,9780451527639,https://images.gr-assets.com/books/1309284869m/296977.jpg,https://www.goodreads.com/book/show/296977.Looking_Backward,eng,US,3551,466
807,297891,721,1969,107,18,100,80,0,77,52,10,0,0,0,0,22,3.85,False,False,Fog Magic,Fog Magic,[171845],['Julia L. Sauer'],[],[],,,https://images.gr-assets.com/books/1416260258m/297891.jpg,https://www.goodreads.com/book/show/297891.Fog_Magic,eng,US,897,117
813,57913,749,1983,805,4,100,0,0,260,710,18,21,0,0,0,0,4.0,False,True,The Illuminatus! Trilogy,The Illuminatus! Trilogy,"[5752454, 2918]","['Robert Shea', 'Robert Anton Wilson']",[245188],['Illuminatus!'],0440539811,9780440539810,https://s.gr-assets.com/assets/nophoto/book/111x148-bcc042a9c91a29c1d680899eff700a03.png,https://www.goodreads.com/book/show/57913.The_Illuminatus_Trilogy,eng,US,13118,739
817,8908,2134,2006,342,12,100,0,0,377,407,184,163,0,0,0,59,4.01,False,True,World War Z: An Oral History of the Zombie War,World War Z: An Oral History of the Zombie War,[5791],['Max Brooks'],[],[],0307346609,9780307346605,https://images.gr-assets.com/books/1386328204m/8908.jpg,https://www.goodreads.com/book/show/8908.World_War_Z,eng,US,352123,22599
818,535441,1251,2003,270,18,100,0,0,359,1134,0,0,344,0,0,22,3.86,False,True,The Zombie Survival Guide: Complete Protection from the Living Dead,The Zombie Survival Guide: Complete Protection from the Living Dead,[5791],['Max Brooks'],[],[],1400049628,9781400049622,https://images.gr-assets.com/books/1320562270m/535441.jpg,https://www.goodreads.com/book/show/535441.The_Zombie_Survival_Guide,eng,US,87478,3589
828,34920,291,1998,275,18,100,14,0,111,41,0,0,0,0,0,7,3.6400902,False,True,Hook,Hook,[9629],['Terry Brooks'],[],[],3442413265,9783442413263,https://s.gr-assets.com/assets/nophoto/book/111x148-bcc042a9c91a29c1d680899eff700a03.png,https://www.goodreads.com/book/show/34920.Hook,ger,US,1111,64
829,15569,961,2004,208,18,100,0,2,24,4,15,0,98,0,0,0,4.12,False,True,Sometimes the Magic Works: Lessons from a Writing Life,Sometimes the Magic Works: Lessons from a Writing Life,[9629],['Terry Brooks'],[],[],0345465512,9780345465511,https://s.gr-assets.com/assets/nophoto/book/111x148-bcc042a9c91a29c1d680899eff700a03.png,https://www.goodreads.com/book/show/15569.Sometimes_the_Magic_Works,,US,1278,143
849,68380,366,1988,1030,11,100,0,0,692,115,0,0,0,0,3,7,4.21,False,True,Dragonlance Chronicles (Dragonlance #1-3),Dragonlance Chronicles (Dragonlance #1-3),"[869, 868]","['Margaret Weis', 'Tracy Hickman']","[238101, 180706]","['Dragonlance: Chronicles', 'Dragonlance Universe']",0880386525,9780880386524,https://s.gr-assets.com/assets/nophoto/book/111x148-bcc042a9c91a29c1d680899eff700a03.png,https://www.goodreads.com/book/show/68380.Dragonlance_Chronicles,,US,16443,425
852,29187,515,2004,389,12,100,0,5,2502,282,0,0,0,0,8,15,4.13,False,True,"Time of the Twins (Dragonlance: Legends, #1)","Time of the Twins (Dragonlance: Legends, #1)","[869, 868]","['Margaret Weis', 'Tracy Hickman']","[144400, 180651]","['Dragonlance: Legends', 'Dragonlance Universe']",0786931582,9780786931583,https://images.gr-assets.com/books/1390667790m/29187.jpg,https://www.goodreads.com/book/show/29187.Time_of_the_Twins,eng,US,27217,341
853,174524,210,2003,1312,9,100,0,0,33,10,0,0,1,0,0,0,4.39,False,True,The Annotated Legends,The Annotated Legends,"[869, 868]","['Margaret Weis', 'Tracy Hickman']",[238100],['Dragonlance: Legends'],0786929928,9780786929924,https://images.gr-assets.com/books/1312053495m/174524.jpg,https://www.goodreads.com/book/show/174524.The_Annotated_Legends,,US,924,25
855,28513,525,1997,336,13,100,0,0,291,21,0,0,0,0,0,2,3.45,False,True,Legacy of the Darksword (The Darksword Trilogy #4),Legacy of the Darksword (The Darksword Trilogy #4),"[869, 868]","['Margaret Weis', 'Tracy Hickman']",[180752],['The Darksword'],0553099655,9780553099652,https://s.gr-assets.com/assets/nophoto/book/111x148-bcc042a9c91a29c1d680899eff700a03.png,https://www.goodreads.com/book/show/28513.Legacy_of_the_Darksword,,US,1937,15
856,259858,395,0,627,7,100,0,0,422,105,0,0,0,0,0,0,3.87,False,True,"Dragons of a Fallen Sun (Dragonlance: The War of Souls, #1)","Dragons of a Fallen Sun (Dragonlance: The War of Souls, #1)","[869, 868]","['Margaret Weis', 'Tracy Hickman']","[144402, 180645]","['Dragonlance: The War of Souls', 'Dragonlance Universe']",0786918071,9780786918072,https://s.gr-assets.com/assets/nophoto/book/111x148-bcc042a9c91a29c1d680899eff700a03.png,https://www.goodreads.com/book/show/259858.Dragons_of_a_Fallen_Sun,eng,US,8659,131
859,279585,556,1992,343,15,100,0,4,121,33,0,2,0,0,0,0,3.88,False,True,"The War of the Lance (DragonLance: Tales II, #3)","The War of the Lance (DragonLance: Tales II, #3)","[869, 868, 5369, 6547976]","['Margaret Weis', 'Tracy Hickman', 'Richard A. Knaak', 'Michael   Williams']","[182537, 180643]","['Dragonlance: Tales II', 'Dragonlance Universe']",1560764317,9781560764311,https://s.gr-assets.com/assets/nophoto/book/111x148-bcc042a9c91a29c1d680899eff700a03.png,https://www.goodreads.com/book/show/279585.The_War_of_the_Lance,eng,US,4120,14
860,92909,513,0,594,5,100,0,0,511,69,0,0,0,0,2,4,3.96,False,True,"Dragons of the Dwarven Depths (Dragonlance: The Lost Chronicles, #1)","Dragons of the Dwarven Depths (Dragonlance: The Lost Chronicles, #1)","[869, 868]","['Margaret Weis', 'Tracy Hickman']","[144404, 180648]","['Dragonlance: The Lost Chronicles', 'Dragonlance Universe']",0786942614,9780786942619,https://s.gr-assets.com/assets/nophoto/book/111x148-bcc042a9c91a29c1d680899eff700a03.png,https://www.goodreads.com/book/show/92909.Dragons_of_the_Dwarven_Depths,eng,US,4273,158
862,807864,0,0,0,17,95,0,1,32,17,0,0,0,0,0,2,3.64,False,True,"Nightsword (Starshield, #2)","Nightsword (Starshield, #2)","[869, 868]","['Margaret Weis', 'Tracy Hickman']",[144405],['Starshield'],1857237285,9781857237283,https://s.gr-assets.com/assets/nophoto/book/111x148-bcc042a9c91a29c1d680899eff700a03.png,https://www.goodreads.com/book/show/807864.Nightsword,,US,3,2
863,47615,47,2005,850,15,100,9,0,380,58,0,0,0,0,0,100,4.53,False,True,"The Abhorsen Trilogy Box Set (Abhorsen, #1-3)","The Abhorsen Trilogy Box Set (Abhorsen, #1-3)",[8347],['Garth Nix'],"[784739, 999477]","['Abhorsen', 'The Old Kingdom Trilogy']",0060734191,9780060734190,https://images.gr-assets.com/books/1407105785m/47615.jpg,https://www.goodreads.com/book/show/47615.The_Abhorsen_Trilogy_Box_Set,eng,US,7794,224
867,47628,646,0,649,16,100,13,0,104,16,0,0,0,0,0,44,4.1,False,True,"The Seventh Tower (The Seventh Tower, #1-3)","The Seventh Tower (The Seventh Tower, #1-3)",[8347],['Garth Nix'],[181783],['The Seventh Tower'],0760795258,9780760795255,https://s.gr-assets.com/assets/nophoto/book/111x148-bcc042a9c91a29c1d680899eff700a03.png,https://www.goodreads.com/book/show/47628.The_Seventh_Tower,,US,1831,56
895,208430,0,0,0,16,24,0,0,0,5,0,0,0,0,0,0,4.4,False,True,Toni Morrison: Song of Solomon / Beloved / Jazz,Toni Morrison: Song of Solomon / Beloved / Jazz,[3534],['Toni Morrison'],[],[],0452155622,9780452155626,https://images.gr-assets.com/books/1492361853m/208430.jpg,https://www.goodreads.com/book/show/208430.Toni_Morrison,eng,US,301,9
899,11353,148,1994,40,17,86,0,1,0,2,2,0,17,0,0,0,4.45,False,True,"The Nobel Lecture In Literature, 1993","The Nobel Lecture In Literature, 1993",[3534],['Toni Morrison'],[],[],0679434372,9780679434375,https://images.gr-assets.com/books/1403175530m/11353.jpg,https://www.goodreads.com/book/show/11353.The_Nobel_Lecture_In_Literature_1993,,US,276,10
904,38068,618,0,0,17,100,0,0,0,68,11,0,0,0,0,0,4.25,False,True,The Complete Stories,The Complete Stories,"[15151, 3862441, 39309]","['Zora Neale Hurston', 'Henry Louis Gates Jr.', 'Sieglinde Lemke']",[],[],0060921714,9780060921712,https://s.gr-assets.com/assets/nophoto/book/111x148-bcc042a9c91a29c1d680899eff700a03.png,https://www.goodreads.com/book/show/38068.The_Complete_Stories,eng,US,728,46
913,278885,437,2003,32,0,54,10,0,0,5,0,0,0,0,0,0,3.33,False,True,Frog,Frog,[7308],['Susan Cooper'],[],[],0099432269,9780099432265,https://s.gr-assets.com/assets/nophoto/book/111x148-bcc042a9c91a29c1d680899eff700a03.png,https://www.goodreads.com/book/show/278885.Frog,,US,33,8
960,24271,216,2001,208,17,100,406,0,606,326,0,28,0,0,0,142,3.78,False,True,"Skellig (Skellig, #1)","Skellig (Skellig, #1)",[13652],['David Almond'],[311459],['Skellig'],0440229081,9780440229087,https://images.gr-assets.com/books/1320460285m/24271.jpg,https://www.goodreads.com/book/show/24271.Skellig,eng,US,16743,1819
961,265650,842,2003,80,18,100,6,0,0,30,7,0,0,5,11,3,4.09,False,True,Shakespeare's Romeo and Juliet,Shakespeare's Romeo and Juliet,"[2059918, 132078]","['Michael Rosen', 'Jane Ray']",[],[],0763622583,9780763622589,https://s.gr-assets.com/assets/nophoto/book/111x148-bcc042a9c91a29c1d680899eff700a03.png,https://www.goodreads.com/book/show/265650.Shakespeare_s_Romeo_and_Juliet,,US,20415,104
962,106931,1081,2005,146,18,100,7,0,0,320,86,0,0,0,0,64,3.92,False,True,I Heard the Owl Call My Name,I Heard the Owl Call My Name,[709],['Margaret Craven'],[1142667],['Owl Calls'],1550413392,9781550413397,https://images.gr-assets.com/books/1418183156m/106931.jpg,https://www.goodreads.com/book/show/106931.I_Heard_the_Owl_Call_My_Name,,US,4646,537
969,207034,1086,2006,289,17,100,324,0,353,615,0,11,0,0,0,578,3.26,False,True,"The Prophet of Yonwood (Book of Ember, #3)","The Prophet of Yonwood (Book of Ember, #3)",[2347],['Jeanne DuPrau'],[144406],['Book of Ember'],0440421241,9780440421245,https://images.gr-assets.com/books/1320636285m/207034.jpg,https://www.goodreads.com/book/show/207034.The_Prophet_of_Yonwood,eng,US,24159,2152
971,308858,0,1993,198,9,100,6,0,18,16,0,12,0,0,11,48,3.56,False,True,The Stranger,The Stranger,[9059],['Caroline B. Cooney'],[1099023],['Point Horror'],0590456805,,https://images.gr-assets.com/books/1400877617m/308858.jpg,https://www.goodreads.com/book/show/308858.The_Stranger,,US,657,52
973,309480,759,1998,241,18,100,219,0,227,121,38,0,0,0,0,102,3.93,False,True,The Moorchild,The Moorchild,[30654],['Eloise Jarvis McGraw'],[],[],068982033X,9780689820335,https://images.gr-assets.com/books/1418757933m/309480.jpg,https://www.goodreads.com/book/show/309480.The_Moorchild,,US,6216,343
995,314362,1213,0,0,18,100,0,0,0,50,0,121,0,0,0,0,3.77,False,True,Derailed,Derailed,[57057],['James Siegel'],[],[],0316725366,9780316725361,https://s.gr-assets.com/assets/nophoto/book/111x148-bcc042a9c91a29c1d680899eff700a03.png,https://www.goodreads.com/book/show/314362.Derailed,,US,1859,206
1027,89816,493,2010,272,8,100,0,456,16,27,0,5,0,0,0,2,4.19,False,True,"Kabuki, Vol. 1: Circle of Blood","Kabuki, Vol. 1: Circle of Blood",[10455],['David W. Mack'],[248363],['Kabuki'],1887279806,9781887279802,https://s.gr-assets.com/assets/nophoto/book/111x148-bcc042a9c91a29c1d680899eff700a03.png,https://www.goodreads.com/book/show/89816.Kabuki_Vol_1,,US,1674,111
1051,325718,0,1998,272,7,100,0,0,0,126,81,0,1,0,0,0,4.16,False,True,The Unknown Shore,The Unknown Shore,[5600],"[""Patrick O'Brian""]",[209366],['Golden Ocean'],0006497950,9780006497950,https://s.gr-assets.com/assets/nophoto/book/111x148-bcc042a9c91a29c1d680899eff700a03.png,https://www.goodreads.com/book/show/325718.The_Unknown_Shore,,US,1159,74
1052,17983,301,2006,0,9,100,0,0,0,632,502,8,0,0,0,0,4.4,False,True,"The Reverse of the Medal (Aubrey/Maturin, #11)","The Reverse of the Medal (Aubrey/Maturin, #11)","[5600, 5602]","[""Patrick O'Brian"", 'Simon Vance']",[144407],['Aubrey & Maturin'],0786178183,9780786178186,https://s.gr-assets.com/assets/nophoto/book/111x148-bcc042a9c91a29c1d680899eff700a03.png,https://www.goodreads.com/book/show/17983.The_Reverse_of_the_Medal,eng,US,6677,211
1057,304687,303,0,0,18,100,0,0,352,97,0,0,0,0,0,0,3.92,False,True,To Reign in Hell,To Reign in Hell,"[27704, 3619]","['Steven Brust', 'Roger Zelazny']",[],[],0312870493,9780312870492,https://images.gr-assets.com/books/1312029735m/304687.jpg,https://www.goodreads.com/book/show/304687.To_Reign_in_Hell,eng,US,3030,187
1058,817357,177,1987,224,4,100,0,0,779,73,0,15,0,0,4,0,4.14,False,True,"Yendi (Vlad Taltos, #2)","Yendi (Vlad Taltos, #2)",[27704],['Steven Brust'],"[144408, 184594]","['Vlad Taltos', 'Dragaera']",0441944604,9780441944606,https://images.gr-assets.com/books/1302450419m/817357.jpg,https://www.goodreads.com/book/show/817357.Yendi,eng,US,7401,159
1059,140143,657,2001,256,8,100,0,0,505,58,0,2,0,0,0,0,4.26,False,True,"Issola (Vlad Taltos, #9)","Issola (Vlad Taltos, #9)",[27704],['Steven Brust'],"[144409, 184601]","['Vlad Taltos', 'Dragaera']",0312859279,9780312859275,https://s.gr-assets.com/assets/nophoto/book/111x148-bcc042a9c91a29c1d680899eff700a03.png,https://www.goodreads.com/book/show/140143.Issola,eng,US,5240,94
1080,83518,542,2006,652,18,100,0,0,0,13,7,0,268,0,0,0,3.94,False,True,The Singularity is Near: When Humans Transcend Biology,The Singularity is Near: When Humans Transcend Biology,[47744],['Ray Kurzweil'],[],[],0143037889,9780143037880,https://s.gr-assets.com/assets/nophoto/book/111x148-bcc042a9c91a29c1d680899eff700a03.png,https://www.goodreads.com/book/show/83518.The_Singularity_is_Near,eng,US,7428,666
1096,357,582,0,307,13,100,0,0,1526,2181,0,434,0,0,0,0,4.05,False,True,"The Long Dark Tea-Time of the Soul (Dirk Gently, #2)","The Long Dark Tea-Time of the Soul (Dirk Gently, #2)",[4],['Douglas Adams'],[144410],['Dirk Gently'],0671742515,9780671742515,https://images.gr-assets.com/books/1388257271m/357.jpg,https://www.goodreads.com/book/show/357.The_Long_Dark_Tea_Time_of_the_Soul,eng,US,64559,1476
1131,348375,0,1995,144,18,100,1,0,0,15,0,1,0,0,0,25,3.78,False,True,Sleeping Dogs,Sleeping Dogs,[138742],['Sonya Hartnett'],[],[],0670865036,9780670865031,https://s.gr-assets.com/assets/nophoto/book/111x148-bcc042a9c91a29c1d680899eff700a03.png,https://www.goodreads.com/book/show/348375.Sleeping_Dogs,,US,501,53
