user_id,work_id,is_read,rating
18,1605,0,0
18,1803,0,0
18,3801,0,0
18,7480,0,0
18,8041,0,0
18,12851,0,0
18,12852,1,5
18,12853,0,0
18,17077,1,3
18,18021,0,0
18,23596,0,0
18,30349,0,0
18,38765,0,0
18,40283,0,0
18,43554,1,4
18,46663,0,0
18,54891,0,0
18,55025,0,0
18,58587,0,0
18,59104,0,0
18,72565,0,0
18,80497,1,5
18,105046,0,0
18,113603,0,0
18,124858,0,0
18,150017,0,0
18,150259,1,4
18,153313,0,0
18,163871,0,0
18,175720,0,0
18,209414,0,0
18,221139,0,0
18,234706,1,5
18,245494,0,0
18,265616,1,5
18,310090,0,0
18,343141,1,4
18,357549,1,0
18,366428,1,0
18,377110,0,0
18,382424,0,0
18,473150,1,3
18,481854,0,0
18,499669,0,0
18,533210,0,0
18,564673,1,4
18,640276,0,0
18,645468,0,0
18,649854,0,0
18,698739,1,5
18,810663,1,4
18,814330,1,4
18,815206,1,4
18,816515,0,0
18,818882,1,0
18,826298,0,0
18,833257,0,0
18,838570,0,0
18,849453,0,0
18,849585,0,0
18,869832,1,3
18,873132,1,5
18,878368,0,0
18,884960,0,0
18,888796,0,0
18,894503,0,0
18,898083,1,4
18,937841,0,0
18,938626,1,4
18,948387,1,5
18,952125,0,0
18,968084,1,3
18,976403,0,0
18,987048,1,5
18,996156,0,0
18,1001813,0,0
18,1004459,0,0
18,1006369,0,0
18,1008989,0,0
18,1022583,0,0
18,1024199,0,0
18,1028204,0,0
18,1070014,1,4
18,1097497,0,0
18,1100254,0,0
18,1119185,0,0
18,1139031,0,0
18,1145090,1,3
18,1150571,0,0
18,1183550,0,0
18,1220876,1,5
18,1222101,1,4
18,1246936,1,4
18,1283844,1,0
18,1309111,0,0
18,1359182,1,4
18,1385044,0,0
18,1453585,0,0
18,1474375,0,0
18,1479280,0,0
