work_id,canonical_book_id,ol_edition_key,ol_work_key,isbn_13,ol_title,ol_subjects,ol_subject_count,ol_first_publish_date,ol_rating_count,ol_rating_mean
0,4552,/books/OL9035295M,,9783442416622,Somebody Someday.,[],0,,0,
40,3730,/books/OL8593197M,/works/OL10473570W,9780978843106,The Hidden Persuaders,"['Advertising', 'Social aspects', 'Social aspects of Advertising', 'Motivation research (Marketing)', 'Psychological aspects of Advertising', 'Publicidad', 'Aspectos psicológicos', 'Psychological aspects', 'Aspect social', 'Publicité', 'Propagande', 'Propaganda', 'Psychology', 'Consumers', 'Control (Psychology)', 'Political Advertising', 'Advertising, psychological aspects', 'Advertising, political', 'Advertising - general & miscellaneous', 'Consumer behavior', 'Advertising - products & services', 'Advertising - history & criticism', 'Coping & healing', 'Umschulungswerkstätten für Siedler und Auswanderer']",24,,2,4.0
62,3402,/books/OL3414299M,/works/OL5838200W,9780156030489,Kiffe kiffe tomorrow,"['Teenage girls', 'Arabs', 'Translations into English', 'Public housing', 'Fiction', 'Young women', 'French fiction', 'Fiction, general', 'France, fiction', 'Young women, fiction', 'Public housing--france--paris metropolitan area--fiction', 'Teenage girls--france--paris metropolitan area--fiction', 'Arabs--france--paris metropolitan area--fiction', 'Pq3989.3.g84 k5413 2006', '843/.92']",15,,1,3.0
81,7918,/books/OL8536766M,/works/OL1528827W,9781426450792,Five Little Peppers Abroad,"[""Children's fiction"", 'Siblings, fiction', 'Friendship, fiction', 'Europe, fiction', 'Family life, fiction', 'Siblings', 'Juvenile fiction', 'Children', 'Family life', 'Fiction', 'Frères et sœurs', 'Romans, nouvelles, etc. pour la jeunesse', 'Travel', 'Description and travel', 'Descriptions et voyages', 'Brothers and sisters', 'Families', 'Cruise ships', 'Friendship']",19,1902,1,3.0
87,8155,/books/OL9693929M,/works/OL11375137W,9780312353261,A Woman of Substance,"['Fiction', 'Businesswomen', 'Fiction in English', 'Family', 'Romance', 'Novela estadounidense', 'Mujeres de negocios', 'Literatura estadounidense', 'Families', 'Large type books', 'Young women, fiction', 'Fiction, family life, general', 'Harte, emma (fictitious character), fiction', 'Fiction, general', 'Fiction, romance, general']",15,1979,2,2.5
98,381704,/books/OL8368145M,/works/OL5733146W,9781401359607,BERGDORF BLONDES,"['Literature', 'Open Library Staff Picks', 'British', 'Fiction', 'Young women', 'Socialites', 'Rich people', 'Single women', 'Social life and customs', 'Large type books', 'Women', 'Fiction, general', 'New york (n.y.), fiction', 'Young women, fiction', 'Humor, general']",15,,2,3.5
104,3300,/books/OL15606718M,/works/OL1905356W,9780061161537,Inés of my soul,"['Fiction', 'Historical fiction', 'History', 'Historia', 'Ficción', 'Man-woman relationships', 'Conquerors', 'Sixteenth century', 'Chile', 'Novela', 'Fiction, general', 'Fiction, historical, general', 'Fiction, biographical', 'Chile, fiction', 'Spain, fiction', 'Peru, fiction', 'Fiction, thrillers, suspense', 'Romans', 'Document', 'Romans, nouvelles', 'Spanish', 'Espagnols', 'Histoire', 'Belletristische Darstellung']",24,July 2006,3,4.333
114,10222,/books/OL9857321M,/works/OL1985695W,9780312151256,The Far Pavilions,"['Orphans', 'Afghan Wars', 'British', 'Fiction', 'Fiction, general', 'India, fiction']",6,1978,3,3.667
118,3326,/books/OL7970455M,/works/OL8405287W,9780750012706,Drina Ballerina (Drina Books),[],0,,0,
120,3155,/books/OL7970409M,/works/OL8405300W,9780750002462,Drina Goes on Tour (Drina Books),[],0,,0,
121,3150,/books/OL7887491M,/works/OL8405291W,9780590425575,"Drina Dances Again (Drina, No 5)","['Children: Grades 4-6', 'Dancers, fiction', ""Children's fiction""]",3,,1,4.0
122,3644,/books/OL7970453M,/works/OL8405308W,9780750012683,Drina Dances in Switzerland,[],0,,0,
137,2046,/books/OL1119180M,/works/OL3295489W,,Stories and early novels,"['American Detective and mystery stories', 'Detective and mystery stories, American', 'Fiction', 'Philip Marlowe (Fictitious character)', 'Private investigators']",5,1995,0,
141,11525,/books/OL8014943M,/works/OL16961485W,9780761104841,"1,000 Places to See Before You Die","['Travel', 'Guidebooks']",2,,3,4.0
147,7716,/books/OL22540546M,/works/OL1066033W,,Plays pleasant,"['stage play collection', 'British and irish drama (dramatic works by one author)']",2,,0,
166,12158,/books/OL7869693M,/works/OL929828W,9780801831393,Laocoon,"['Aesthetics', 'Early works to 1800', 'Laocoön (Legendary character)', 'Death in art', 'Aesthetics, early works to 1800', 'Laocoon']",6,,3,4.333
172,16863,/books/OL15551307M,/works/OL9227302W,,Near a thousand tables,"['Food', 'History', 'Food -- History', 'New York Times reviewed', 'Gastronomy', 'Food, history', 'Food--history', 'Tx353 .f437 2002', '641.3/009']",9,,1,5.0
251,27410,/books/OL20409830M,/works/OL2805043W,,The library of Greek mythology,"['Greek Mythology', 'Mythology, greek', 'Medicine in literature', 'Mythology', 'Mythologie grecque', 'Médecine dans la littérature', 'Mythologie', 'Mythology (literary genre)', 'Rhetoric, ancient']",9,1782,0,
252,27432,/books/OL18252234M,/works/OL18437674W,,The Art of the personal essay,"['Essays', 'Translations into English', 'Essay', 'General & miscellaneous essays', 'Literature anthologies - general & miscellaneous']",5,,1,4.0
314,41619,/books/OL7538119M,/works/OL53677W,9780446675963,Business @ the Speed of Thought,"['Business enterprises', 'Computer networks', 'Communication systems', 'Management', 'Information resources management', 'Neural networks (Computer science)', 'Digital communications', 'Information technology', 'Business', 'Nonfiction', 'Informatietechnologie', 'Bedrijven', 'Sistemas de comnicación', 'Business enterprices', 'Redes de computadoras', 'Empresas comerciales', 'Commerce électronique', 'Earl H. Potter III Collection', 'Information systems', 'Entreprises', 'Marketing sur Internet', ""Réseaux d'ordinateurs"", 'Management information systems', 'Business enterprises, computer networks', 'Business, communication systems', 'Business, computer network resources', 'Business, data processing', 'Business enterprises--computer networks', 'Business enterprises--communication systems', 'Hd30.37 .g38 1999', 'Electronic commerce', 'Business, handbooks, manuals, etc.', 'Business and economics', 'World Wide Web', 'Recursos de redes informáticas', 'Redes informáticas', 'Información, Recursos de', 'Computer network resources', 'Comunicaciones digitales', 'Industria', 'Industrial management', 'Informática', 'Dirección y administración', 'Administración', 'Ren gong shen jing wang luo ji suan ji', 'Qi ye guan li', 'Ying yong', 'Communication, Systèmes de', 'Information électronique', ""Gestion de l'information"", ""Technologie de l'information"", 'Entreprise', ""Réseau d'ordinateurs"", 'Systèmes de communication']",54,,1,2.0
335,43691,/books/OL7947557M,/works/OL931873W,9780743250412,The Master,"['Authors', 'Fiction', 'Americans', 'Authorship', 'Meleager, of Gadara', 'Fiction, historical', 'Authors, fiction', 'LGBTQ novels', 'Stonewall Book Awards', 'LGBTQ historical fiction', 'Lambda Literary Awards', 'Lambda Literary Award Winner', 'Homes and haunts', 'American Authors', 'Homes', 'Fiction, historical, general', 'England, fiction', 'Ferro-Grumley Award for Gay Fiction Finalist', 'collection:barbara_gittings_literature_award=winner', '[document]', 'Document']",21,,1,4.0
345,515,/books/OL8582700M,/works/OL5861186W,9780974514055,Programming Ruby,"['Ruby (Computer program language)', 'Object-oriented programming (Computer science)']",2,,0,
362,61794,/books/OL9148248M,/works/OL7985082W,9788489163416,La Vida Del Lazarillo De Tormes/ the Lazarillo De Tormes Live,[],0,,2,3.0
375,64179,/books/OL9234141M,/works/OL16069411W,9780060591885,The Bride Stripped Bare,"['Married women', 'Fiction', 'Married people, fiction', 'London (england), fiction', 'Fiction, erotica', 'Morocco, fiction']",6,,1,4.0
387,900,/books/OL9233226M,/works/OL273902W,9780060554736,The Game,"['Seduction', 'Man-woman relationships', 'Sexual behavior', 'Psychology', 'Dating (Social customs)', 'Single men', 'Los angeles (calif.), biography', 'Men, psychology', 'Verführer', 'Verführung', 'Sexualität', 'Frau', 'Verfu hrung', 'Mann', 'Séduction', 'Relations entre hommes et femmes', 'Seductions', 'Flirt']",18,2005,21,3.238
388,71009,/books/OL7352161M,/works/OL7976852W,9780140281248,"Queen Kat, Carmel & St Jude Get A Life","['College students', 'Fiction', 'Mothers and daughters, fiction', ""Children's fiction""]",4,,1,4.0
412,73042,/books/OL7922405M,/works/OL8436779W,9780740761591,The Odd Brain,"['Brain', 'Miscellanea', 'Mental illness']",3,,1,4.0
414,94034,/books/OL7365736M,/works/OL1663239W,9780156031967,Q,"['Christian heretics', 'Fiction', 'Heretics, Christian', 'Reformation', 'History', 'Fiction, historical', 'Europe, fiction', 'Fiction, thrillers, general', 'Fiction, historical, general']",9,1999,3,4.333
416,59504,/books/OL9121074M,/works/OL580120W,9788432216978,El Siglo De Las Luces / a Century of Light,"['Fiction', 'Spanish language', 'Written Spanish', 'Spanish language books', 'Spanish fiction', 'Caribbean area, fiction', 'Fiction (fictional works by one author)', 'Fiction, historical, general', 'Fiction, general', 'Spanish literature']",10,,2,4.5
423,21611,/books/OL3685805M,/works/OL271163W,,The Forever War,"['Aging', 'Hugo Award Winner', 'Fiction in English', 'Aging in fiction', 'Space and time', 'Fiction', 'Space and time in fiction', 'Space warfare', 'Science fiction comic books, strips', 'award:hugo_award=1976', 'Space warfare in fiction', 'award:hugo_award=novel', 'Long Now Manual for Civilization', 'Fiction, science fiction, military', 'Fiction, science fiction, hard science fiction', 'Mandella, william (fictitious character), fiction', 'Human-alien encounters', 'award:nebula_award=novel', 'Comic books, strips', 'Comics & graphic novels, science fiction', 'Envejecimiento', 'Ficción', 'Espacio y tiempo', 'Science-fiction americaine']",24,"January 12, 1978",89,4.101
434,21704,/books/OL7538642M,/works/OL553754W,9780446698870,The Black Dahlia,"['Detective and mystery fiction', 'hard-boiled', 'thrillers', 'crime', 'noir', 'Fiction', 'police', 'young womenDetective and mystery stories', 'Murder', 'Police in fiction', 'Murder in fiction', 'Delitos', 'Detective and mystery stories', 'Young women in fiction', 'Novela policíaca', 'Young women', 'Ficción', 'Crime in fiction', 'Thriller', 'Investigation', 'Los angeles (calif.), fiction', 'Fiction, mystery & detective, general', 'Young women, fiction', 'California, fiction', 'Fiction, mystery & detective, hard-boiled', 'Bleichert, bucky (fictitious character), fiction', 'Romance policial', 'Literatura norte-americana', 'Asesinato', 'Ficcion', 'Policía', 'Historias misterio y detectives', 'American literature', 'Crime, fiction', 'Romans', 'Enquêtes criminelles', 'French language materials', 'Novela', 'NOVELAS POLICIACAS ESTADOUNIDENSES', 'Mystery fiction', 'Los Ángeles (Calif.)', 'Novela policiaca', 'Spanish language materials', 'Crimes against']",44,,20,3.75
454,77837,/books/OL3700107M,/works/OL74631W,,A good man in Africa,"['Diplomats', 'British', 'Fiction', 'Fiction, general']",4,December 1992,1,1.0
466,519112,/books/OL672427M,/works/OL2671168W,,The melancholy death of Oyster Boy & other stories,"['Adolescence', 'Fiction', 'Human Abnormalities', 'Poetry', 'American Fantasy poetry', 'Children', 'French language materials', 'Romans, nouvelles', 'American literature', 'Fantasy poetry, American', 'Abnormalities, Human', ""Children's stories"", 'Short stories', 'Fiction, short stories (single author)', 'Fiction, mystery & detective, general', 'Fiction, humorous', 'Black humor', 'American Humorous stories', 'Fiction, horror']",19,"January 1, 1998",6,4.167
467,67762,/books/OL3953334M,/works/OL14877882W,,Salome,"['Drama', 'English Bible plays', 'Fiction', 'British and irish drama (dramatic works by one author)', 'English drama', 'Art', 'Théâtre anglais', '18.05 English literature', 'Drama (dramatic works by one author)', 'English literature', 'Performing arts', 'Fiction, historical, general', 'Wood-engraving, American', 'Salome', 'Operas', 'Librettos', 'Salome (Biblical figure) -- Drama', 'Natural history', 'History', 'Naturalists', ""Lincolnshire Naturalists' Union""]",21,,17,3.471
477,73419,/books/OL13329973M,/works/OL886738W,9788489163935,Poema de Mío Cid,"['Romances', 'Spanish poetry', 'Poetry', 'Poetry anthologies: classical, early & medieval', 'Spanish Epic poetry', 'Poesía', 'Poesía española', 'Poesía épica española', 'Translations into English', 'Criticism and interpretation', 'Romance literature', 'Manuscripts', 'Spanish Manuscripts', 'Facsimiles', 'History and criticism', 'Fiction', 'Spanish language', 'Literatura española', 'Poetry, collections', 'Poetry (poetic works by one author)', 'Cantar de mío Cid', 'Spanish literature', 'Cid, approximately 1043-1099 -- Romances', 'Epic poetry, Spanish', 'Spanish literature -- History and criticism', 'Cid , approximately 1043-1099', 'Poetry in spanish, to 1369 - spanish-english parallel texts', '861/.1', 'English poetry', 'Spanish Romances']",30,,4,3.5
500,91601,/books/OL1704345M,/works/OL4277764W,,Leaving Cold Sassy,"['Families', 'Family', 'Fiction', 'Fiction, family life', 'Fiction, biographical', 'Fiction, coming of age', 'Georgia, fiction', 'Large type books', 'Fiction, sagas', 'Fiction, historical, general']",10,,1,4.0
527,126977,/books/OL9131616M,/works/OL8253141W,9788441413344,Azul...,[],0,,0,
551,53764,/books/OL7878555M,/works/OL893444W,9780575070707,The Great Dune Trilogy,"['Fiction, science fiction, general', 'Dune (imaginary place), fiction']",2,,20,4.2
555,20082,/books/OL9496154M,/works/OL73347W,9780345419392,The Renegades of Pern,"['Fiction', 'Pern (Imaginary place)', 'Dragons', 'Life on other planets', 'Space colonies', 'Science fiction', 'Pern (imaginary place), fiction', 'Fiction, fantasy, epic', 'American Fantasy fiction', 'American fiction']",10,,7,3.714
574,6748,/books/OL9627007M,/works/OL2943597W,9780316925280,A Supposedly Fun Thing I'll Never Do Again,"['Fiction', 'Humor (Nonfiction)', 'Wit and humor', 'American Wit and humor', 'Essays', 'American wit and humor, travel', 'American essays, 20th century', 'American wit and humor, social life and customs', 'Essays (single author)']",9,1997,15,3.733
577,666215,/books/OL3383663M,/works/OL4082701W,9780312422165,How to be alone,"['Essays', 'Essays (single author)', 'Reportage literature', 'American essays', 'Lifestyles', 'Living alone', 'Life Style', 'Essais américains', 'Style de vie', 'Vivre seul']",10,,6,3.667
583,51554,/books/OL8703836M,/works/OL14924775W,9781885408334,Epic,[],0,,0,
588,11654,/books/OL968935M,/works/OL74653W,,Sabbath's theater,"['Fiction', 'Middle aged men', 'Middle-aged men', 'National Book Award Winner', 'award:national_book_award=1995', 'award:national_book_award=fiction', 'American fiction (fictional works by one author)', 'Fiction, general', 'Black humor', 'Psychology']",10,,3,4.333
643,161711,/books/OL9616960M,/works/OL8391054W,9780312301910,Mirrors of the Unseen,"['Social life and customs', 'Travel', 'Description and travel', 'Iran, description and travel', 'Iran, social life and customs', 'New York Times reviewed']",6,,1,4.0
655,181743,/books/OL13275606M,/works/OL10276788W,9788466622943,El Ladron de Tumbas,[],0,,0,
657,10807,/books/OL7351704M,/works/OL478201W,9780140266733,Recapitulation,"['Fiction', 'Older men', 'Families', 'Aged men', 'Family', 'Domestic fiction', 'Fiction, general', 'Salt lake city (utah), fiction', 'Utah, fiction']",9,,1,4.0
659,267215,/books/OL624185M,/works/OL478206W,,A shooting star,"['Women', 'Fiction', 'Man-woman relationships', 'Adultery', 'Fiction, general', 'California, fiction']",6,,1,4.0
696,77773,/books/OL7829866M,/works/OL14858392W,9780553575385,To Say Nothing of the Dog,"['Hugo Award Winner', 'award:hugo_award=1999', 'award:hugo_award=novel', 'Time travel', 'Fiction', 'Fiction, science fiction, general', 'Fiction, historical, general', 'England, fiction', 'Fantasy', 'Science Fiction', 'Fiction, historical', 'Large type books', 'American Fantasy fiction', 'Architecture', 'Conservation and restoration']",15,"February 3, 2003",17,3.706
698,333033,/books/OL8411054M,/works/OL53918W,9781406813050,A Tramp Abroad,"['American Authors', 'Americans', 'Americans in fiction', 'Biography', 'Description and travel', 'Europe in fiction', 'Fiction', 'History', 'Journeys', 'Mountaineering', 'Specimens', 'Travel', 'Walking', 'Walking in fiction', 'Yellowback books', 'Descriptions et voyages', 'Chronology', 'Voyages and travels', 'Voyages around the world', 'Antiquities', 'Indians of North America', 'Geology', 'American fiction (fictional works by one author)', 'Europe, fiction', 'Fiction, humorous', 'Twain, mark, 1835-1910', 'Fiction, general', 'Fiction, humorous, general', 'Large type books', 'Fiction, historical, general', 'Wit and humor', 'Adventure stories', 'National characteristics', 'Telescopes', 'Mountains', 'Rivers', 'Glaciers', 'Astronomy']",38,,12,3.417
723,104870,/books/OL7577390M,/works/OL361664W,9780451530356,Pericles/Cymbeline/The Two Noble Kinsmen (Signet Classics),"['Drama', 'Britons', 'Kings and rulers', 'Princes', 'British and irish drama (dramatic works by one author)', 'Nobility']",6,1988,1,4.0
731,4143,/books/OL1083910M,/works/OL2693075W,9780316779425,Barrel Fever,"['short stories', 'Humor (Nonfiction)', 'Nonfiction', 'Humorous fiction', 'American wit and humor', 'American essays', 'fiction', 'essays', 'Social life and customs', 'Fiction, short stories (single author)', 'Humor, form, essays', 'Fiction, humorous', 'Fiction, humorous, general', 'American Humorous stories', 'Erzählung', 'Ausgabe', 'Englisch']",17,"April 1, 2002",7,3.714
742,11312,/books/OL7730929M,/works/OL894247W,9780689871214,"Over Sea, Under Stone (The Dark Is Rising Sequence)","['Adventure stories', 'Brothers and sisters', 'Cornwall (England : County )', 'Fantasy', 'Fantasy fiction', 'Ficción juvenil', 'Fiction', 'Hermanos', 'Juvenile fiction', 'Magic', 'Novela fantástica', 'Large type books', 'Good and evil', 'Archaeology', 'Buried treasure', 'Mystery and detective stories', ""Children's fiction"", 'Cornwall (England)', 'Cornwall (england : county), fiction', 'Magic, fiction', 'Brothers and sisters, fiction', 'Stanton, will (fictitious character), fiction', 'Siblings, fiction']",23,May 1988,21,3.333
764,15566,/books/OL8998902M,/works/OL5683573W,9781857238273,The Elf Queen of Shannara (Heritage of Shannara),"['Shannara (imaginary place), fiction', 'Fiction, fantasy, epic']",2,,7,3.714
794,2281,/books/OL23273016M,/works/OL1992178W,,The complete stories of Truman Capote,"['Fiction, short stories (single author)', 'American Short stories', 'Short stories', 'American Authors']",4,"June 30, 2005",1,4.0
797,297627,/books/OL8645431M,/works/OL4381099W,9781563898587,"The League of Extraordinary Gentlemen, Vol. 1","['Comic books, strips', 'Graphic novels', 'Characters', 'Horror comic books, strips']",4,,19,3.947
803,296977,/books/OL6806483M,/works/OL2981504W,,Looking backward,"['Fiction', 'Utopias', 'Two thousand, A.D. in fiction', 'Social problems in fiction', 'Time travel in fiction', 'Time travel', 'Two thousand, A.D.', 'Social problems', 'Utopias in fiction', 'Science fiction', 'Two thousand, A.D', 'American fiction (fictional works by one author)', 'Boston (mass.), fiction', 'Fiction, science fiction, general']",14,1906,1,4.0
813,57913,/books/OL2885647M,/works/OL3809593W,,The illuminatus! trilogy,"['American Science fiction', 'conspiracy', 'illuminati', 'counterculture', 'discordianism', 'Fiction, visionary & metaphysical', 'Fiction', 'Fiction, general']",8,,16,4.125
817,8908,/books/OL23275263M,/works/OL5969057W,,World War Z,"['Humor', 'nyt:trade_fiction_paperback=2011-08-20', 'Fiction', 'New York Times bestseller', 'Zombies', 'War', 'Large type books', 'Imaginary wars and battles', 'Horror tales', 'Oral history', 'Reading Level-Grade 11', 'Reading Level-Grade 12', 'War stories', 'War correspondents', 'Epidemics', 'Survival', 'Horror fiction', 'Romans, nouvelles', 'Habiletés de survie', 'Correspondants de guerre', 'Guerres et batailles imaginaires', 'Guerras imaginarias', 'Ficción', 'Fiction, horror', 'Fiction, war & military', 'Horror', 'Science Fiction', 'Fantasy', 'Post Apocalyptic', 'Dystopia', 'Apocalyptic']",31,,140,3.914
818,535441,/books/OL3578026M,/works/OL5969056W,,The Zombie Survival Guide,"['Zombies', 'Comic books, strips', 'Humor', 'Survival skills', 'Humor (Nonfiction)', 'Nonfiction', 'New York Times bestseller', 'nyt:paperback_nonfiction=2011-04-16', 'Survival', 'Humor, general', 'ART', 'Techniques', 'Drawing', 'Zombis', 'Ouvrages humoristiques', 'Humour', 'Guides, manuels', 'Comics & graphic novels, science fiction', 'Comics & graphic novels, horror']",19,,28,3.929
828,34920,/books/OL9035267M,/works/OL5683612W,9783442413263,Hook,"['Peter Pan (Fictitious character)', 'Fiction', 'Film and video adaptations', 'Fiction, science fiction, general']",4,,2,4.5
829,15569,/books/OL9667378M,/works/OL5683586W,9780345465511,Sometimes the Magic Works,"['Fantasy fiction', 'American Authors', 'Biography', 'Authorship', 'Brooks, Terry.', 'Fantasy fiction, authorship', 'Authors, biography']",7,,1,5.0
849,68380,/books/OL8134328M,/works/OL15108281W,9780880386524,Dragonlance Chronicles,"['Dungeons & Dragons Novel', 'collection:DragonLance', 'Dragonlance', 'Dragonlance Chronicles']",4,,7,3.571
852,29187,/books/OL3698326M,/works/OL73424W,,Time of the Twins,"['Fiction', 'Magic', 'Wizards', 'Gnomes', 'Twins', 'Time travel', 'Good and evil', 'Fiction, fantasy, general', 'Fantasy fiction', 'American Fantasy fiction', 'Dragonlance Saga', 'Dungeons & Dragons Novel', 'collection:DragonLance', ""Children's fiction"", 'Time travel, fiction']",15,,16,4.312
853,174524,/books/OL3695572M,/works/OL15108241W,,The annotated legends,"['Fiction', 'American Fantasy fiction', 'Brothers', 'Krynn (Imaginary place)', 'Twins', 'Dungeons & Dragons Novel', 'collection:DragonLance']",7,,0,
855,28513,/books/OL1010976M,/works/OL15108359W,,Legacy of the Darksword,"['Magic, fiction', 'Fantasy fiction', 'Fiction, fantasy, general', 'Fantasy', 'Fiction', 'Science Fiction Fantasy', 'Epic Fantasy', 'Science Fiction', 'Magic', 'Speculative Fiction', 'High Fantasy', 'Swords', 'Series:The-Darksword']",13,,1,3.0
856,259858,/books/OL54698M,/works/OL73408W,9780786918072,Dragons of a Fallen Sun,"['Fantasy fiction', 'Fiction', 'Dungeons & Dragons Novel', 'collection:DragonLance', 'elevs', 'mages', 'ogres', 'dragons']",8,,8,3.125
859,279585,/books/OL1571674M,/works/OL15108291W,,The War of the Lance,"['Dragonlance', 'Dungeons & Dragons Novel', 'collection:Dragonlance', 'Fantasy fiction, American', 'American Fantasy fiction', 'Fiction', 'Fantasy fiction', 'Science fiction']",8,,2,3.0
860,92909,/books/OL8144662M,/works/OL15108310W,9780786942619,Dragons of the Dwarven Depths,"['Fiction', 'Krynn (Imaginary place)', 'Dragons in fiction', 'Dragons', 'Fantasy', 'Dwarfs']",6,,2,3.5
862,807864,/books/OL8998874M,/works/OL15108402W,9781857237283,Nightsword,"['Fantasy', 'Fiction', 'Fiction, fantasy, general', 'Fiction, science fiction, general']",4,,1,4.0
863,47615,/books/OL7280591M,/works/OL2628738W,9780060734190,The Abhorsen Trilogy Box Set,"['Magic', 'Fiction', ""Children's fiction"", 'Fantasy fiction']",4,2003,4,4.25
867,47628,/books/OL8014892M,/works/OL2628741W,9780760795255,The Seventh Tower Volumes 1-3 (VOLUMES 1-3),"['Fantasy', ""Children's fantasy fiction"", 'Fiction', 'Creatures', 'Castles', 'Science fiction', 'Juvenile fiction', 'Imaginary places', ""Children's fiction"", 'Fantasy fiction', 'Castle of seven towers (imaginary place), fiction', 'Child and youth fiction', 'Science fiction, fantasy, horror']",13,2001,4,4.0
895,208430,/books/OL10275469M,/works/OL15059455W,9780452155626,Song of Solomon Beloved Jazz,['American fiction (fictional works by one author)'],1,,0,
899,11353,/books/OL7698971M,/works/OL50551W,9780679434375,"The Nobel Lecture In Literature, 1993","['Nobel Prizes', 'Speeches, addresses']",2,,1,4.0
913,278885,/books/OL7317810M,/works/OL894223W,9780099432265,Frog,"['Fiction', 'Frogs', 'Swimming', 'Fear', 'Fiction, general']",5,,1,4.0
960,24271,/books/OL7520064M,/works/OL469108W,9780440229087,Skellig,"['Strangers', 'Fiction', 'Angels', 'Family life', 'Household Moving', 'Juvenile fiction', 'Families', ""Children's fiction"", 'Angels, fiction', 'Moving, household, fiction', 'Family life, fiction', 'England, fiction', 'Family', 'Friendship in children', 'Magic', 'Moving,Household', 'Plays', ""Children's plays"", 'Large type books', ""Children's plays, English"", 'English language, study and teaching']",21,,19,3.789
961,265650,/books/OL3683756M,/works/OL832176W,,Shakespeare's Romeo & Juliet,"['Juvenile fiction', 'Juliet (Fictitious character)', 'Romeo (Fictitious character)', 'Adaptations', 'Vendetta', 'Shakespeare, William, 1564-1616. -- Adaptations.', ""Children's fiction"", 'Shakespeare, william, 1564-1616, adaptations', 'Italy, fiction', 'Pictorial works', 'Love in adolescence']",11,,3,4.0
962,106931,/books/OL28027021M,/works/OL15392603W,9780002220774,I Heard the Owl Call My Name,"['Margaret Craven', 'Priests', 'Christianity', 'Religion', 'Spirituality', 'Young adult', 'First Nation', 'Kwakiutl Indians', 'History', 'Historical fiction', 'Fiction', 'Classic', 'Literature', 'Stories', 'Story', 'Book', 'Novel', 'Hardcover', 'Paperback', '1973 Movie', 'Movie Tie-in', 'Audio book', 'E-book', 'Adventure', 'Nature', 'Pacific Northwest', 'British Columbia', 'Canadian', 'West Coast', 'Canada', 'Death']",31,,1,5.0
969,207034,/books/OL3406710M,/works/OL4132763W,,The prophet of Yonwood,"['Conduct of life', 'Juvenile Fiction', 'Fiction', 'Prophecies', 'Fantasy', ""Children's fiction"", 'Conduct of life, fiction', 'Fantasy fiction', 'American literature']",9,,7,2.571
973,309480,/books/OL7729052M,/works/OL8199133W,9780689820335,The Moorchild,[],0,,0,
995,314362,/books/OL20174616M,/works/OL5816242W,,Derailed,"['Murder for hire', 'Attica Prison', 'Prisons', 'Open Library Staff Picks', 'Prisoners', 'Revenge', 'Fiction', 'Businessmen', 'Adultery', 'Extortion', 'English teachers', 'Thriller', 'Fiction, thrillers, general', 'New york (state), fiction', 'Large type books', 'Suspense fiction', 'Rape', 'Teachers', 'Homicide', 'Mystery fiction', 'Adventure fiction', 'Teachers, fiction', 'Fiction, suspense', 'New york (n.y.), fiction']",24,,1,4.0
1027,89816,/books/OL3700179M,/works/OL5886051W,,"Kabuki, circle of blood","['Science fiction comic books, strips', 'Comic books, strips, etc.']",2,,0,
1052,17983,/books/OL8108392M,/works/OL9697527W,9780786178186,The Reverse of the Medal,"['Fiction, historical', 'Fiction, action & adventure', 'Sea stories', 'Aubrey, jack (fictitious character), fiction', 'Maturin, stephen (fictitious character), fiction', 'Great britain, fiction', 'Fiction, historical, general', 'Jack Aubrey (Fictitious character)', 'Fiction', 'Stephen Maturin (Fictitious character)', 'Naval History', 'Ship captains', 'Criminals', 'Ship physicians', 'Large type books', 'Fiction, general', 'Historical - General', 'Fiction - Historical']",18,"January 2, 2001",7,4.571
1057,304687,/books/OL19062974M,/works/OL1900623W,,To reign in hell,"['Devil', 'Fiction', 'Fiction, fantasy, general']",3,1984,3,2.0
1058,817357,/books/OL7527310M,/works/OL1900624W,9780441944606,Yendi,"['Taltos, vlad (fictitious character), fiction', 'Fiction, fantasy, general', 'Dragaera (imaginary place), fiction']",3,1984,8,3.75
1059,140143,/books/OL3944445M,/works/OL1900596W,,Issola,"['Vlad Taltos (Fictitious character)', 'Fiction', 'Fiction, fantasy, general', 'Taltos, vlad (fictitious character), fiction']",4,2001,5,3.6
1080,83518,/books/OL7361672M,/works/OL1958850W,9780143037880,The Singularity Is Near,"['Brain', 'Evolution', 'Genetics', 'Human evolution', 'Nanotechnology', 'Robotics', 'Nonfiction', 'Science', 'Sociology', 'Technology', 'Nanotechnologie', 'Cerveau', 'Évolution', 'Robotique', 'Neural Networks (Computer)', 'Génétique', 'Artificial Intelligence', 'Homme', 'Popular works', 'Long Now Manual for Civilization', 'Développement humain', 'Future Studies', 'SOCIAL SCIENCE', 'Robots', 'Nanotechnologies', '58.30 biotechnology', 'Genetique', 'Entwicklung', 'Rocks', 'Computer Neural Networks', 'Evolutionary biology', 'Gesellschaft', 'Wissenschaftlich-technischer Fortschritt', 'Biological Evolution', 'Robotik', 'Brain, evolution']",36,2005,6,4.0
1096,357,/books/OL22250202M,/works/OL2163629W,9780671742515,The Long Dark Tea-Time of the Soul,"['Norse mythology', 'horoscopes', 'Fiction, fantasy, contemporary', 'Fiction, humorous', 'Fiction, science fiction, general', 'Gently, dirk (fictitious character), fiction', 'Private investigators, fiction', 'Dirk Gently (Fictitious character)', 'Private investigators', 'Fiction', 'Norse Gods', 'Physicians', 'New York Times reviewed', 'Science fiction', 'Fiction, humorous, general', 'English literature']",16,"January 1, 2006",61,3.951
1131,348375,/books/OL909898M,/works/OL869337W,,Sleeping dogs,"['Juvenile fiction', 'Family violence', 'Incest', ""Children's fiction"", 'Dogs, fiction']",5,,1,4.0
1132,348564,/books/OL23244918M,/works/OL15891846W,,Flat Stanley,"['Humorous stories', 'Art thieves', 'Juvenile fiction', 'Fiction', 'Stanley Lambchop (Fictitious character)', 'Boys', 'Stanley Lambchop (Fictional character)', 'Humorous fiction', 'Fantasy', ""Children's fiction"", 'Boys, fiction', 'Bulletin boards', 'Family life, fiction', 'Cooperation', 'Brothers', ""Children's stories"", 'Problem children, fiction', 'Hermanos', 'Novela juvenil', 'Imagination', 'Fantasia', 'Imaginacion', 'Spanish language materials', 'Fantastique', 'Romans, nouvelles, etc. pour la jeunesse', 'Roman pour la jeunesse', 'Stature', 'Size']",28,November 1991,10,3.2
1140,76889,/books/OL7874531M,/works/OL1847463W,9780802130723,100 Selected Poems,"['Poems', 'Poésie américaine', 'Poetry', 'Poetry (poetic works by one author)']",4,1954,2,4.5
1141,313232,/books/OL8820728M,/works/OL25648458W,9781586484354,China: The Balance Sheet,"['China, economic conditions', 'National security', 'Politics and government', 'Economic policy', 'Foreign relations']",5,,1,4.0
1142,41913,/books/OL9837464M,/works/OL510890W,9780307279903,The Children of Men,"['End of the world', 'Fiction', 'Male Infertility', 'Fiction, science fiction, general', 'England, fiction', 'Fiction in Italian', 'History teachers', 'Twenty-first century', 'Science fiction', 'Fin du monde', 'Romans, nouvelles', 'Stérilité masculine', 'Vingt et unième siècle', ""Professeurs d'histoire"", 'Fiction, dystopian', 'New York Times reviewed']",16,,14,3.357
1144,355434,/books/OL7365549M,/works/OL2005010W,9780156027540,Hitler,"['Heads of state', 'Biography', 'Dd247.h5 f4713', '943.086/092/4 b']",4,1973,2,5.0
1147,316376,/books/OL3971077M,/works/OL3373281W,,Greenspan,"['Board of Governors of the Federal Reserve System (U.S.)', 'Monetary policy', 'Biography', 'Government economists', 'Board of governors of the federal reserve system (u.s.)', 'Monetary policy, united states', 'United states, biography']",7,"December 1, 2000",0,
1151,160613,/books/OL7540545M,/works/OL109570W,9780590442053,Beware the Fish!,"['Schools', 'Juvenile fiction', 'Fiction', ""Children's fiction"", 'Schools, fiction', 'American literature', 'Bruno Walton (Fictitious character)', ""Boots O'Neal (Fictitious character)"", 'Boarding schools', 'Problem solving']",10,,3,5.0
1152,312231,/books/OL9801062M,/works/OL109566W,9780785724933,The Twinkie Squad,"['Schools', 'Humorous stories', 'Fiction', 'Juvenile fiction', ""Children's fiction"", 'Stars, fiction', 'Schools, fiction', 'Wit and humor']",8,,1,5.0
1159,142086,/books/OL7540546M,/works/OL109567W,9780590442060,The War With Mr. Wizzle,"['Friendship, fiction', ""Children's fiction"", 'Preparatory schools', 'Juvenile fiction', 'Computers', 'Juvenile Wit and humor', 'Fiction', 'Dress codes', 'School discipline', 'Schools', 'Friendship', 'Student movements', 'Bruno Walton (Fictitious character)', ""Boots O'Neal (Fictitious character)"", 'Boarding schools', 'Problem solving', 'Walton, Bruno (Personnage fictif)', 'Romans, nouvelles, etc. pour la jeunesse', ""O'Neal, Boots (Personnage fictif)"", 'Internats', 'Résolution de problème']",21,,1,5.0
1231,213113,/books/OL7948366M,/works/OL2699770W,9780743272056,Soul Made Flesh,"['Long Now Manual for Civilization', 'Brain', 'Miscellanea', 'History', 'Neurosciences', 'Psychology', 'Social conditions', 'Physicians', 'History, 17th Century', 'Research', 'Medicine', 'Cerveau', 'Miscellanées', 'Histoire', 'Médecins', 'Médecine', 'Brains', '44.90 neurology', 'Hirnforschung', 'Ziel', 'Hersenen', 'Practice Guideline', 'Biography', 'History of Medicine, 17th Cent', 'Willis, thomas', 'Psychology, history', 'Great britain, social conditions']",27,"July 17, 2003",1,4.0
1233,163529,/books/OL7722300M,/works/OL2699772W,9780684856230,At the Water's Edge ,"['Macroevolution', 'Evolution (Biology)', 'Evolution, juvenile literature', 'Evolution', 'Marine biology', 'Marine biology, juvenile literature', 'Long Now Manual for Civilization', 'Biological Evolution', 'Biology']",9,1998,0,
1234,181885,/books/OL7288587M,/works/OL2699777W,9780061138409,Evolution,"['Evolution (Biology)', 'History', 'Biological Evolution', 'Evolution, history', 'Origin of species', 'Evolution', 'Long Now Manual for Civilization']",7,2001,3,4.333
