work_id,similar_work_id
40,174648
40,228381
40,376327
40,460258
40,633200
40,638720
40,673711
40,803388
40,1086579
40,1900264
40,2140798
40,24171194
40,26332298
62,265486
62,435111
62,534748
62,586197
62,917573
62,1102347
62,1993400
62,2619736
62,13595230
62,13956629
62,17109962
62,18436397
62,18602649
62,20385030
62,24820761
81,807
81,10923
81,54659
81,136277
81,464792
81,816849
81,817893
81,841596
81,1374018
81,1514947
81,2343933
81,6781847
81,7210202
81,15920548
81,23580357
84,10927
84,123777
84,204974
84,325291
84,432309
84,715067
84,752201
84,806571
84,812581
84,1008342
84,1045594
84,1176070
84,1737278
84,3087360
84,3230140
84,3234038
87,62403
87,340317
87,503099
87,517040
87,1030327
87,1279777
87,1296960
87,1480967
87,1749430
87,1799308
87,2207047
87,2560206
87,2629199
87,2758130
98,42252
98,79902
98,220149
98,375899
98,379248
98,430854
98,461588
98,487959
98,624567
98,668804
98,871988
98,880505
98,929501
98,943040
98,1363847
98,2237345
98,2664686
98,6182413
104,57579
104,154852
104,203939
104,630174
104,816185
104,1169906
104,1410139
104,1904134
104,2242538
